filename,path,classid
1-19111-A-24.wav,E:\Final 2Dataset2\cough_clear\,1
1-30830-A-24.wav,E:\Final 2Dataset2\cough_clear\,1
1-52323-A-24.wav,E:\Final 2Dataset2\cough_clear\,1
1-63679-A-24.wav,E:\Final 2Dataset2\cough_clear\,1
2-108017-A-24.wav,E:\Final 2Dataset2\cough_clear\,1
2-123896-A-24.wav,E:\Final 2Dataset2\cough_clear\,1
2-85292-A-24.wav,E:\Final 2Dataset2\cough_clear\,1
2-87412-A-24.wav,E:\Final 2Dataset2\cough_clear\,1
2-87794-A-24.wav,E:\Final 2Dataset2\cough_clear\,1
2-87799-A-24.wav,E:\Final 2Dataset2\cough_clear\,1
3-132601-A-24.wav,E:\Final 2Dataset2\cough_clear\,1
3-146873-A-24.wav,E:\Final 2Dataset2\cough_clear\,1
audioset_-5dCv5_nvU8_205_210.wav,E:\Final 2Dataset2\cough_clear\,1
audioset_-ej81N6Aqo4_5_10.wav,E:\Final 2Dataset2\cough_clear\,1
audioset_-hu5q-Nn4BM_70_75.wav,E:\Final 2Dataset2\cough_clear\,1
audioset_-i8bUT9k9FU_35_40.wav,E:\Final 2Dataset2\cough_clear\,1
audioset_-szeMToBrRE_60_65.wav,E:\Final 2Dataset2\cough_clear\,1
audioset_-UxFUu6iiiY_325_330.wav,E:\Final 2Dataset2\cough_clear\,1
audioset_0pM8_hyW8SU_130_135.wav,E:\Final 2Dataset2\cough_clear\,1
audioset_0v8MGxNetjg_15_20.wav,E:\Final 2Dataset2\cough_clear\,1
audioset_1F234DLNRYc_10_15.wav,E:\Final 2Dataset2\cough_clear\,1
audioset_1JxnLOOUHaw_225_230.wav,E:\Final 2Dataset2\cough_clear\,1
audioset_1PPN1HwpHfY_35_40.wav,E:\Final 2Dataset2\cough_clear\,1
audioset_1UDFq2InljM_10_15.wav,E:\Final 2Dataset2\cough_clear\,1
audioset_1Xmw9VUzvLY_150_155.wav,E:\Final 2Dataset2\cough_clear\,1
audioset_2I2IzXnhmtc_125_130.wav,E:\Final 2Dataset2\cough_clear\,1
audioset_2XictKgGPnM_0_5.wav,E:\Final 2Dataset2\cough_clear\,1
audioset_3aFProJmJzY_0_5.wav,E:\Final 2Dataset2\cough_clear\,1
audioset_3gFShyvw8iU_75_80.wav,E:\Final 2Dataset2\cough_clear\,1
audioset_3id3zRRZBVM_50_55.wav,E:\Final 2Dataset2\cough_clear\,1
audioset_40fIOkLK3j4_65_70.wav,E:\Final 2Dataset2\cough_clear\,1
audioset_43FtU9nHMxc_0_5.wav,E:\Final 2Dataset2\cough_clear\,1
audioset_4lOXjW8rpxU_0_5.wav,E:\Final 2Dataset2\cough_clear\,1
audioset_4vyk0EIJGWY_5_10.wav,E:\Final 2Dataset2\cough_clear\,1
audioset_4WLF2CT0eCM_40_45.wav,E:\Final 2Dataset2\cough_clear\,1
audioset_4yFWcSkby5w_35_40.wav,E:\Final 2Dataset2\cough_clear\,1
audioset_5l9qTa5OAL8_225_230.wav,E:\Final 2Dataset2\cough_clear\,1
audioset_6iz8Jk8Hvwg_245_250.wav,E:\Final 2Dataset2\cough_clear\,1
audioset_6nTcsNoIGDw_50_55.wav,E:\Final 2Dataset2\cough_clear\,1
audioset_6pyURnYYMwo_25_30.wav,E:\Final 2Dataset2\cough_clear\,1
audioset_6VOGlqLeOzI_35_40.wav,E:\Final 2Dataset2\cough_clear\,1
audioset_7pqRqXjqeX4_330_335.wav,E:\Final 2Dataset2\cough_clear\,1
audioset_7xSTAmKAsFE_120_125.wav,E:\Final 2Dataset2\cough_clear\,1
audioset_87gy1S4dSw8_30_35.wav,E:\Final 2Dataset2\cough_clear\,1
audioset_8cM-69gMf5g_13_18.wav,E:\Final 2Dataset2\cough_clear\,1
audioset_8cM-69gMf5g_8_13.wav,E:\Final 2Dataset2\cough_clear\,1
audioset_8IhJllXxBlQ_35_40.wav,E:\Final 2Dataset2\cough_clear\,1
audioset_9FQbcnHQI6Y_75_80.wav,E:\Final 2Dataset2\cough_clear\,1
audioset_9h3a7fN0f-c_240_245.wav,E:\Final 2Dataset2\cough_clear\,1
audioset_9h3a7fN0f-c_245_250.wav,E:\Final 2Dataset2\cough_clear\,1
audioset_9KNqsONT3-Y_70_75.wav,E:\Final 2Dataset2\cough_clear\,1
audioset_9Zl4VUruA9I_120_125.wav,E:\Final 2Dataset2\cough_clear\,1
audioset_a0WWg7AaBdw_35_40.wav,E:\Final 2Dataset2\cough_clear\,1
audioset_A5s2ZgwQ1VM_90_95.wav,E:\Final 2Dataset2\cough_clear\,1
audioset_a8qOv7R0UkI_30_35.wav,E:\Final 2Dataset2\cough_clear\,1
audioset_AIVt3e5EVtc_70_75.wav,E:\Final 2Dataset2\cough_clear\,1
audioset_AIVt3e5EVtc_75_80.wav,E:\Final 2Dataset2\cough_clear\,1
audioset_AlPu_yxLT2g_230_235.wav,E:\Final 2Dataset2\cough_clear\,1
audioset_ao9oox4OiGU_10_15.wav,E:\Final 2Dataset2\cough_clear\,1
audioset_aTHVNwrEVxI_135_140.wav,E:\Final 2Dataset2\cough_clear\,1
audioset_a_Ia_mMsm3g_28_33.wav,E:\Final 2Dataset2\cough_clear\,1
audioset_B-aFrS47bY8_0_5.wav,E:\Final 2Dataset2\cough_clear\,1
audioset_B-aFrS47bY8_5_10.wav,E:\Final 2Dataset2\cough_clear\,1
audioset_b24uboHG_GE_5_10.wav,E:\Final 2Dataset2\cough_clear\,1
audioset_B4dHtSx7OGc_65_70.wav,E:\Final 2Dataset2\cough_clear\,1
audioset_bEah4B4VQwg_15_20.wav,E:\Final 2Dataset2\cough_clear\,1
audioset_bGnx2cngHqw_0_5.wav,E:\Final 2Dataset2\cough_clear\,1
audioset_BwfscnYTNnA_0_5.wav,E:\Final 2Dataset2\cough_clear\,1
audioset_bXn8tOyzSlM_445_450.wav,E:\Final 2Dataset2\cough_clear\,1
audioset_c-yI09r8D5w_15_20.wav,E:\Final 2Dataset2\cough_clear\,1
audioset_c4MUgtiDtDY_30_35.wav,E:\Final 2Dataset2\cough_clear\,1
audioset_c4MUgtiDtDY_35_40.wav,E:\Final 2Dataset2\cough_clear\,1
audioset_cfRNCeu1azs_235_240.wav,E:\Final 2Dataset2\cough_clear\,1
audioset_D1rqBpE9GKM_0_5.wav,E:\Final 2Dataset2\cough_clear\,1
audioset_d2wkdrScerU_30_35.wav,E:\Final 2Dataset2\cough_clear\,1
audioset_DdaaH8BbQfc_190_195.wav,E:\Final 2Dataset2\cough_clear\,1
audioset_dFmT9hZ5sbA_0_5.wav,E:\Final 2Dataset2\cough_clear\,1
audioset_DHi2oIm3OE8_50_55.wav,E:\Final 2Dataset2\cough_clear\,1
audioset_DNXm4P3nPkQ_0_5.wav,E:\Final 2Dataset2\cough_clear\,1
audioset_dVpkKJlWiC8_3_8.wav,E:\Final 2Dataset2\cough_clear\,1
audioset_dVpkKJlWiC8_8_13.wav,E:\Final 2Dataset2\cough_clear\,1
audioset_Dw_f7aVKEfQ_30_35.wav,E:\Final 2Dataset2\cough_clear\,1
audioset_DyUueJ0UCow_30_35.wav,E:\Final 2Dataset2\cough_clear\,1
audioset_Ebl4NBkvH8Q_5_10.wav,E:\Final 2Dataset2\cough_clear\,1
audioset_eFMExkx5v0Y_35_40.wav,E:\Final 2Dataset2\cough_clear\,1
audioset_eKSWfedlOOs_17_22.wav,E:\Final 2Dataset2\cough_clear\,1
audioset_es4irq9lyJI_25_30.wav,E:\Final 2Dataset2\cough_clear\,1
audioset_f1zWL7xBcCo_25_30.wav,E:\Final 2Dataset2\cough_clear\,1
audioset_F6u-BlaMvRI_0_5.wav,E:\Final 2Dataset2\cough_clear\,1
audioset_Ff6rl7oz9kU_30_35.wav,E:\Final 2Dataset2\cough_clear\,1
audioset_fHvPzjInHuI_20_25.wav,E:\Final 2Dataset2\cough_clear\,1
audioset_fHvPzjInHuI_25_30.wav,E:\Final 2Dataset2\cough_clear\,1
audioset_FJ_UJMzw3ns_5_10.wav,E:\Final 2Dataset2\cough_clear\,1
audioset_fom1o4tKsFU_50_55.wav,E:\Final 2Dataset2\cough_clear\,1
audioset_Fp-TYthqsss_90_95.wav,E:\Final 2Dataset2\cough_clear\,1
audioset_Fp-TYthqsss_95_100.wav,E:\Final 2Dataset2\cough_clear\,1
audioset_fQPwncmjNl4_30_35.wav,E:\Final 2Dataset2\cough_clear\,1
audioset_FTePTiRR_tA_65_70.wav,E:\Final 2Dataset2\cough_clear\,1
audioset_fUdDA64eeFo_255_260.wav,E:\Final 2Dataset2\cough_clear\,1
audioset_g89tLOXOEY8_30_35.wav,E:\Final 2Dataset2\cough_clear\,1
audioset_GF0kySmZtG4_0_5.wav,E:\Final 2Dataset2\cough_clear\,1
audioset_Gk7SshHndEw_0_5.wav,E:\Final 2Dataset2\cough_clear\,1
audioset_gqN5mKCWn58_0_5.wav,E:\Final 2Dataset2\cough_clear\,1
audioset_gqN5mKCWn58_5_10.wav,E:\Final 2Dataset2\cough_clear\,1
audioset_GTiou-fTfQs_25_30.wav,E:\Final 2Dataset2\cough_clear\,1
audioset_GziKt-tXatU_10_15.wav,E:\Final 2Dataset2\cough_clear\,1
audioset_HAfXAoYSPUY_295_300.wav,E:\Final 2Dataset2\cough_clear\,1
audioset_hHZDpZecn_0_10_15.wav,E:\Final 2Dataset2\cough_clear\,1
audioset_hkcxCXz_m5s_40_45.wav,E:\Final 2Dataset2\cough_clear\,1
audioset_hQMkT2YEnNA_30_35.wav,E:\Final 2Dataset2\cough_clear\,1
audioset_HtdYwnS791U_165_170.wav,E:\Final 2Dataset2\cough_clear\,1
audioset_I5MfWDvGp5Y_35_40.wav,E:\Final 2Dataset2\cough_clear\,1
audioset_IPo39x2BV9c_16_21.wav,E:\Final 2Dataset2\cough_clear\,1
audioset_IzPMbIll3LE_80_85.wav,E:\Final 2Dataset2\cough_clear\,1
audioset_j0VnD6MrOjc_25_30.wav,E:\Final 2Dataset2\cough_clear\,1
audioset_jE6p3ZnefgI_95_100.wav,E:\Final 2Dataset2\cough_clear\,1
audioset_jNRq5EwaLn8_0_5.wav,E:\Final 2Dataset2\cough_clear\,1
audioset_jTyHWJ8A8lw_19_24.wav,E:\Final 2Dataset2\cough_clear\,1
audioset_JUiy7rvdZ0k_60_65.wav,E:\Final 2Dataset2\cough_clear\,1
audioset_JYNEaE7gS2Y_5_10.wav,E:\Final 2Dataset2\cough_clear\,1
audioset_K3P5dlwn-Vk_35_40.wav,E:\Final 2Dataset2\cough_clear\,1
audioset_k4IeljH1Leg_5_10.wav,E:\Final 2Dataset2\cough_clear\,1
audioset_KFzvoBATT2s_50_55.wav,E:\Final 2Dataset2\cough_clear\,1
audioset_KFzvoBATT2s_55_60.wav,E:\Final 2Dataset2\cough_clear\,1
audioset_knMUPLK4dQk_12_17.wav,E:\Final 2Dataset2\cough_clear\,1
audioset_KoPZxUmJ430_35_40.wav,E:\Final 2Dataset2\cough_clear\,1
audioset_k_0J26cnYpw_40_45.wav,E:\Final 2Dataset2\cough_clear\,1
audioset_k_ry9us3pAQ_90_95.wav,E:\Final 2Dataset2\cough_clear\,1
audioset_l3PdJzoTiL0_28_33.wav,E:\Final 2Dataset2\cough_clear\,1
audioset_l4t0sPybWEc_15_20.wav,E:\Final 2Dataset2\cough_clear\,1
audioset_lds-qZiYV7A_30_35.wav,E:\Final 2Dataset2\cough_clear\,1
audioset_lH6ym1UrlnE_120_125.wav,E:\Final 2Dataset2\cough_clear\,1
audioset_lH6ym1UrlnE_125_130.wav,E:\Final 2Dataset2\cough_clear\,1
audioset_lN6H0_PqKME_15_20.wav,E:\Final 2Dataset2\cough_clear\,1
audioset_LpnHXuod-JM_0_5.wav,E:\Final 2Dataset2\cough_clear\,1
audioset_lW6PcJoKR68_345_350.wav,E:\Final 2Dataset2\cough_clear\,1
audioset_Mip5XqKewqo_5_10.wav,E:\Final 2Dataset2\cough_clear\,1
audioset_MPRocP3N_E0_40_45.wav,E:\Final 2Dataset2\cough_clear\,1
audioset_mtH-Z8fNwDM_0_5.wav,E:\Final 2Dataset2\cough_clear\,1
audioset_n0YvUzf6yaM_0_5.wav,E:\Final 2Dataset2\cough_clear\,1
audioset_n5cX87l-bGU_30_35.wav,E:\Final 2Dataset2\cough_clear\,1
audioset_NfUONhpVA0Q_30_35.wav,E:\Final 2Dataset2\cough_clear\,1
audioset_nIBRNVTxo8w_5_10.wav,E:\Final 2Dataset2\cough_clear\,1
audioset_njVQaT_56uM_5_10.wav,E:\Final 2Dataset2\cough_clear\,1
audioset_NN-Mr5F-qo4_0_5.wav,E:\Final 2Dataset2\cough_clear\,1
audioset_NrZA3gyQ__Q_35_40.wav,E:\Final 2Dataset2\cough_clear\,1
audioset_nW9VFd43pFI_80_85.wav,E:\Final 2Dataset2\cough_clear\,1
audioset_Ny9drT08tXg_35_40.wav,E:\Final 2Dataset2\cough_clear\,1
audioset_O6Vf6o4V5-8_0_5.wav,E:\Final 2Dataset2\cough_clear\,1
audioset_oGiXifci56k_26_31.wav,E:\Final 2Dataset2\cough_clear\,1
audioset_oGiXifci56k_31_36.wav,E:\Final 2Dataset2\cough_clear\,1
audioset_oUUfZn8K_pg_5_10.wav,E:\Final 2Dataset2\cough_clear\,1
audioset_oVE7t_RU8V8_45_50.wav,E:\Final 2Dataset2\cough_clear\,1
audioset_P4bu1XBDoi4_180_185.wav,E:\Final 2Dataset2\cough_clear\,1
audioset_PluONSpL-Tk_75_80.wav,E:\Final 2Dataset2\cough_clear\,1
audioset_PuE_Qe_H-z4_150_155.wav,E:\Final 2Dataset2\cough_clear\,1
audioset_PwLeUwl82uI_30_35.wav,E:\Final 2Dataset2\cough_clear\,1
audioset_q6m4jQqxJx8_50_55.wav,E:\Final 2Dataset2\cough_clear\,1
audioset_QAZ40aQlNZk_95_100.wav,E:\Final 2Dataset2\cough_clear\,1
audioset_ql2X0iGDZdo_13_18.wav,E:\Final 2Dataset2\cough_clear\,1
audioset_rBdCfnD819k_10_15.wav,E:\Final 2Dataset2\cough_clear\,1
audioset_rDGQN3dsgz4_5_10.wav,E:\Final 2Dataset2\cough_clear\,1
audioset_rkF_uMizqoc_15_20.wav,E:\Final 2Dataset2\cough_clear\,1
audioset_RWCSzp1zU8A_50_55.wav,E:\Final 2Dataset2\cough_clear\,1
audioset_RwE9JAktTvU_580_585.wav,E:\Final 2Dataset2\cough_clear\,1
audioset_rWjU8DLj8vE_160_165.wav,E:\Final 2Dataset2\cough_clear\,1
audioset_sBQmYKx44vw_45_50.wav,E:\Final 2Dataset2\cough_clear\,1
audioset_sfxQfmtrKDg_4_9.wav,E:\Final 2Dataset2\cough_clear\,1
audioset_sHdnsxOtVVI_175_180.wav,E:\Final 2Dataset2\cough_clear\,1
audioset_sjm1E5xLiNI_5_10.wav,E:\Final 2Dataset2\cough_clear\,1
audioset_SuXoEaXCxII_10_15.wav,E:\Final 2Dataset2\cough_clear\,1
audioset_svGU4Rt3krw_20_25.wav,E:\Final 2Dataset2\cough_clear\,1
audioset_T9W31G_ddH0_70_75.wav,E:\Final 2Dataset2\cough_clear\,1
audioset_TFViVPnL4m0_30_35.wav,E:\Final 2Dataset2\cough_clear\,1
audioset_Tgq8krfDZ4A_75_80.wav,E:\Final 2Dataset2\cough_clear\,1
audioset_TjP-9AlPShg_140_145.wav,E:\Final 2Dataset2\cough_clear\,1
audioset_TnGWTjiceJ4_45_50.wav,E:\Final 2Dataset2\cough_clear\,1
audioset_TPcKwMZr25Y_15_20.wav,E:\Final 2Dataset2\cough_clear\,1
audioset_tVo18pzri74_80_85.wav,E:\Final 2Dataset2\cough_clear\,1
audioset_U2T1kTOqDLo_80_85.wav,E:\Final 2Dataset2\cough_clear\,1
audioset_uuKQshLRnvk_50_55.wav,E:\Final 2Dataset2\cough_clear\,1
audioset_u_rSaTA7684_275_280.wav,E:\Final 2Dataset2\cough_clear\,1
audioset_V5jE5QHBhmY_20_25.wav,E:\Final 2Dataset2\cough_clear\,1
audioset_vbFH9U-63XQ_5_10.wav,E:\Final 2Dataset2\cough_clear\,1
audioset_Vc4OqYmUxYg_130_135.wav,E:\Final 2Dataset2\cough_clear\,1
audioset_ViL1SkWhj-s_60_65.wav,E:\Final 2Dataset2\cough_clear\,1
audioset_vUV6wLqozYg_45_50.wav,E:\Final 2Dataset2\cough_clear\,1
audioset_vwe0wLJpgYU_70_75.wav,E:\Final 2Dataset2\cough_clear\,1
audioset_W5nmsB6QcIo_10_15.wav,E:\Final 2Dataset2\cough_clear\,1
audioset_wEIr3uj5QdE_5_10.wav,E:\Final 2Dataset2\cough_clear\,1
audioset_WFZFXXM2J0U_65_70.wav,E:\Final 2Dataset2\cough_clear\,1
audioset_wPMLT4OICTU_5_10.wav,E:\Final 2Dataset2\cough_clear\,1
audioset_x7-Zj2E-CqY_50_55.wav,E:\Final 2Dataset2\cough_clear\,1
audioset_XD4BKqEoQ48_0_5.wav,E:\Final 2Dataset2\cough_clear\,1
audioset_xp-tW5uzXaA_35_40.wav,E:\Final 2Dataset2\cough_clear\,1
audioset_XqqfOyDsg8E_30_35.wav,E:\Final 2Dataset2\cough_clear\,1
audioset_XthLTUqtTdA_30_35.wav,E:\Final 2Dataset2\cough_clear\,1
audioset_ydOGlFIbDNc_0_5.wav,E:\Final 2Dataset2\cough_clear\,1
audioset_YGqPTHy_JF4_15_20.wav,E:\Final 2Dataset2\cough_clear\,1
audioset_yIC-CoFV9ZI_50_55.wav,E:\Final 2Dataset2\cough_clear\,1
audioset_ZAL2wU5J-Pc_45_50.wav,E:\Final 2Dataset2\cough_clear\,1
audioset_ZBzNxwQk9XE_0_5.wav,E:\Final 2Dataset2\cough_clear\,1
audioset_ZkKO6zUedsM_30_35.wav,E:\Final 2Dataset2\cough_clear\,1
audioset_ZvKn6e1AZCU_0_5.wav,E:\Final 2Dataset2\cough_clear\,1
audioset__2YF-ValJNas_0_5.wav,E:\Final 2Dataset2\cough_clear\,1
audioset__9YKlnmoDjs_11_16.wav,E:\Final 2Dataset2\cough_clear\,1
audioset__AjXY9cHCxA_150_155.wav,E:\Final 2Dataset2\cough_clear\,1
audioset__bRM1wpEEdgI_0_5.wav,E:\Final 2Dataset2\cough_clear\,1
audioset__HLvqHDclW8_210_215.wav,E:\Final 2Dataset2\cough_clear\,1
audioset__NpU2_AfQL-8_0_5.wav,E:\Final 2Dataset2\cough_clear\,1
audioset__p2YzwVFuTw4_0_5.wav,E:\Final 2Dataset2\cough_clear\,1
audioset__TzZ0zRRaV0_8_13.wav,E:\Final 2Dataset2\cough_clear\,1
1-26143-A-21.wav,E:\Final 2Dataset2\sneeze_clear\,2
1-47273-A-21.wav,E:\Final 2Dataset2\sneeze_clear\,2
1-47274-A-21.wav,E:\Final 2Dataset2\sneeze_clear\,2
1-54505-A-21.wav,E:\Final 2Dataset2\sneeze_clear\,2
1-59324-A-21.wav,E:\Final 2Dataset2\sneeze_clear\,2
1-81883-A-21.wav,E:\Final 2Dataset2\sneeze_clear\,2
2-109505-A-21.wav,E:\Final 2Dataset2\sneeze_clear\,2
2-118104-A-21.wav,E:\Final 2Dataset2\sneeze_clear\,2
2-119102-A-21.wav,E:\Final 2Dataset2\sneeze_clear\,2
2-128631-A-21.wav,E:\Final 2Dataset2\sneeze_clear\,2
2-130978-A-21.wav,E:\Final 2Dataset2\sneeze_clear\,2
2-130979-A-21.wav,E:\Final 2Dataset2\sneeze_clear\,2
2-82538-A-21.wav,E:\Final 2Dataset2\sneeze_clear\,2
2-93030-A-21.wav,E:\Final 2Dataset2\sneeze_clear\,2
3-142601-A-21.wav,E:\Final 2Dataset2\sneeze_clear\,2
3-142605-A-21.wav,E:\Final 2Dataset2\sneeze_clear\,2
3-144692-A-21.wav,E:\Final 2Dataset2\sneeze_clear\,2
3-148330-A-21.wav,E:\Final 2Dataset2\sneeze_clear\,2
3-150231-A-21.wav,E:\Final 2Dataset2\sneeze_clear\,2
3-156558-A-21.wav,E:\Final 2Dataset2\sneeze_clear\,2
4-156844-A-21.wav,E:\Final 2Dataset2\sneeze_clear\,2
4-157297-A-21.wav,E:\Final 2Dataset2\sneeze_clear\,2
4-167642-A-21.wav,E:\Final 2Dataset2\sneeze_clear\,2
4-171519-A-21.wav,E:\Final 2Dataset2\sneeze_clear\,2
4-185619-A-21.wav,E:\Final 2Dataset2\sneeze_clear\,2
5-187979-A-21.wav,E:\Final 2Dataset2\sneeze_clear\,2
5-201274-A-21.wav,E:\Final 2Dataset2\sneeze_clear\,2
5-220026-A-21.wav,E:\Final 2Dataset2\sneeze_clear\,2
5-220027-A-21.wav,E:\Final 2Dataset2\sneeze_clear\,2
5-221518-A-21.wav,E:\Final 2Dataset2\sneeze_clear\,2
5-221593-A-21.wav,E:\Final 2Dataset2\sneeze_clear\,2
audioset_-9Zv9-SqTU8_10_15.wav,E:\Final 2Dataset2\sneeze_clear\,2
audioset_-FYbupIu_5A_23_28.wav,E:\Final 2Dataset2\sneeze_clear\,2
audioset_-Ir0GZVOTQM_145_150.wav,E:\Final 2Dataset2\sneeze_clear\,2
audioset_-M9pYoMpqtg_0_5.wav,E:\Final 2Dataset2\sneeze_clear\,2
audioset_-RKs4NoVRms_30_35.wav,E:\Final 2Dataset2\sneeze_clear\,2
audioset_-ZTXOjEwSD0_5_10.wav,E:\Final 2Dataset2\sneeze_clear\,2
audioset_03l610T5nfY_400_405.wav,E:\Final 2Dataset2\sneeze_clear\,2
audioset_0i3NoXuF1aQ_30_35.wav,E:\Final 2Dataset2\sneeze_clear\,2
audioset_0L3B0h26pPE_20_25.wav,E:\Final 2Dataset2\sneeze_clear\,2
audioset_0_-FtKP3LJg_80_85.wav,E:\Final 2Dataset2\sneeze_clear\,2
audioset_14XSF2FAJSY_30_35.wav,E:\Final 2Dataset2\sneeze_clear\,2
audioset_1alQZjvWr38_35_40.wav,E:\Final 2Dataset2\sneeze_clear\,2
audioset_1mcylIPVwCk_35_40.wav,E:\Final 2Dataset2\sneeze_clear\,2
audioset_3ItHVu-KT2k_25_30.wav,E:\Final 2Dataset2\sneeze_clear\,2
audioset_3SNWqn6g2RY_190_195.wav,E:\Final 2Dataset2\sneeze_clear\,2
audioset_4NQwssIImu0_0_5.wav,E:\Final 2Dataset2\sneeze_clear\,2
audioset_5sc1bi8BSmg_25_30.wav,E:\Final 2Dataset2\sneeze_clear\,2
audioset_6AMsLkMRNGY_190_195.wav,E:\Final 2Dataset2\sneeze_clear\,2
audioset_8714J5_siEY_50_55.wav,E:\Final 2Dataset2\sneeze_clear\,2
audioset_8Cpu6HuZppw_50_55.wav,E:\Final 2Dataset2\sneeze_clear\,2
audioset_8ozR29u3byg_335_340.wav,E:\Final 2Dataset2\sneeze_clear\,2
audioset_99g83CSiXeA_565_570.wav,E:\Final 2Dataset2\sneeze_clear\,2
audioset_9B-MJsv5cO4_0_5.wav,E:\Final 2Dataset2\sneeze_clear\,2
audioset_9Sc6odMfWo0_5_10.wav,E:\Final 2Dataset2\sneeze_clear\,2
audioset_9SwqisZFZr8_30_35.wav,E:\Final 2Dataset2\sneeze_clear\,2
audioset_aJJf0N75gpE_12_17.wav,E:\Final 2Dataset2\sneeze_clear\,2
audioset_aJJf0N75gpE_7_12.wav,E:\Final 2Dataset2\sneeze_clear\,2
audioset_AMNRISdgMIs_100_105.wav,E:\Final 2Dataset2\sneeze_clear\,2
audioset_AyA3U7KCzQk_30_35.wav,E:\Final 2Dataset2\sneeze_clear\,2
audioset_a_yMxQWDRHY_575_580.wav,E:\Final 2Dataset2\sneeze_clear\,2
audioset_B0Rje7Cj7W0_250_255.wav,E:\Final 2Dataset2\sneeze_clear\,2
audioset_B0Rje7Cj7W0_255_260.wav,E:\Final 2Dataset2\sneeze_clear\,2
audioset_BOjpqGW3N-8_0_5.wav,E:\Final 2Dataset2\sneeze_clear\,2
audioset_bp7Ge0rXDpI_40_45.wav,E:\Final 2Dataset2\sneeze_clear\,2
audioset_btZueiIUUks_0_5.wav,E:\Final 2Dataset2\sneeze_clear\,2
audioset_BXLBYcnutbM_35_40.wav,E:\Final 2Dataset2\sneeze_clear\,2
audioset_C1AYbkd29dU_0_5.wav,E:\Final 2Dataset2\sneeze_clear\,2
audioset_c48dmIi6DPQ_125_130.wav,E:\Final 2Dataset2\sneeze_clear\,2
audioset_CNBNExwqjbs_15_20.wav,E:\Final 2Dataset2\sneeze_clear\,2
audioset_COUvWfPU1PE_10_15.wav,E:\Final 2Dataset2\sneeze_clear\,2
audioset_cSop0zTAmrU_30_35.wav,E:\Final 2Dataset2\sneeze_clear\,2
audioset_CZZNrpHh3UM_0_5.wav,E:\Final 2Dataset2\sneeze_clear\,2
audioset_d0jt2Dh3wFo_190_195.wav,E:\Final 2Dataset2\sneeze_clear\,2
audioset_d3NyGqjI1eo_0_5.wav,E:\Final 2Dataset2\sneeze_clear\,2
audioset_daD9q2qZt10_70_75.wav,E:\Final 2Dataset2\sneeze_clear\,2
audioset_Diams1IbGBE_34_39.wav,E:\Final 2Dataset2\sneeze_clear\,2
audioset_dmhmAfqxL7M_40_45.wav,E:\Final 2Dataset2\sneeze_clear\,2
audioset_DUkTlyAAhLc_0_5.wav,E:\Final 2Dataset2\sneeze_clear\,2
audioset_DYNFsOV5rIk_45_50.wav,E:\Final 2Dataset2\sneeze_clear\,2
audioset_E8cYv_4QvP8_250_255.wav,E:\Final 2Dataset2\sneeze_clear\,2
audioset_EdVj7Hp2s1E_70_75.wav,E:\Final 2Dataset2\sneeze_clear\,2
audioset_Eg5qpG8obiI_415_420.wav,E:\Final 2Dataset2\sneeze_clear\,2
audioset_eoEpvR59QCQ_35_40.wav,E:\Final 2Dataset2\sneeze_clear\,2
audioset_Erib847YFwc_165_170.wav,E:\Final 2Dataset2\sneeze_clear\,2
audioset_ew3H7ccYduo_50_55.wav,E:\Final 2Dataset2\sneeze_clear\,2
audioset_fhwYluffwC4_115_120.wav,E:\Final 2Dataset2\sneeze_clear\,2
audioset_fIvj2yZLcVg_40_45.wav,E:\Final 2Dataset2\sneeze_clear\,2
audioset_fxhM5V7EaDY_130_135.wav,E:\Final 2Dataset2\sneeze_clear\,2
audioset_G0fUcGxDHds_280_285.wav,E:\Final 2Dataset2\sneeze_clear\,2
audioset_G7v8L0lWeT0_0_5.wav,E:\Final 2Dataset2\sneeze_clear\,2
audioset_gc5BFxM6ptg_45_50.wav,E:\Final 2Dataset2\sneeze_clear\,2
audioset_GcPvAbL3f5U_0_5.wav,E:\Final 2Dataset2\sneeze_clear\,2
audioset_GP5IqOTtB34_5_10.wav,E:\Final 2Dataset2\sneeze_clear\,2
audioset_GXGIUzrzcTY_25_30.wav,E:\Final 2Dataset2\sneeze_clear\,2
audioset_h-MHYpYk5go_205_210.wav,E:\Final 2Dataset2\sneeze_clear\,2
audioset_h2ZgzMe6pqc_60_65.wav,E:\Final 2Dataset2\sneeze_clear\,2
audioset_HAljSOwE7zU_35_40.wav,E:\Final 2Dataset2\sneeze_clear\,2
audioset_Hkt24RT2RCI_65_70.wav,E:\Final 2Dataset2\sneeze_clear\,2
audioset_HlV-Q9HSAwU_35_40.wav,E:\Final 2Dataset2\sneeze_clear\,2
audioset_hNysx-WNVzY_165_170.wav,E:\Final 2Dataset2\sneeze_clear\,2
audioset_i8g4jROxGeM_430_435.wav,E:\Final 2Dataset2\sneeze_clear\,2
audioset_IcFw1syQy8E_40_45.wav,E:\Final 2Dataset2\sneeze_clear\,2
audioset_ii24sGs0oPY_140_145.wav,E:\Final 2Dataset2\sneeze_clear\,2
audioset_IRRdp1HCRKs_12_17.wav,E:\Final 2Dataset2\sneeze_clear\,2
audioset_iYaQHovnw_c_265_270.wav,E:\Final 2Dataset2\sneeze_clear\,2
audioset_IzYcX5sGEG4_0_5.wav,E:\Final 2Dataset2\sneeze_clear\,2
audioset_IzYcX5sGEG4_5_10.wav,E:\Final 2Dataset2\sneeze_clear\,2
audioset_jefOLgkpRDM_140_145.wav,E:\Final 2Dataset2\sneeze_clear\,2
audioset_JOwkfx95R3k_40_45.wav,E:\Final 2Dataset2\sneeze_clear\,2
audioset_JpnO5QsHTBE_20_25.wav,E:\Final 2Dataset2\sneeze_clear\,2
audioset_jQ8frK_A9uo_5_10.wav,E:\Final 2Dataset2\sneeze_clear\,2
audioset_jvdrBF-3ybI_60_65.wav,E:\Final 2Dataset2\sneeze_clear\,2
audioset_jvdrBF-3ybI_65_70.wav,E:\Final 2Dataset2\sneeze_clear\,2
audioset_K3VYL-HSE5U_265_270.wav,E:\Final 2Dataset2\sneeze_clear\,2
audioset_kBDDVQyj778_25_30.wav,E:\Final 2Dataset2\sneeze_clear\,2
audioset_kdld9OsO-AA_50_55.wav,E:\Final 2Dataset2\sneeze_clear\,2
audioset_ke8XEx0rmg8_5_10.wav,E:\Final 2Dataset2\sneeze_clear\,2
audioset_KEc55hAC3t0_25_30.wav,E:\Final 2Dataset2\sneeze_clear\,2
audioset_Kg7YdqBtqYc_0_5.wav,E:\Final 2Dataset2\sneeze_clear\,2
audioset_KKsltQhn-FE_330_335.wav,E:\Final 2Dataset2\sneeze_clear\,2
audioset_Kn5NdDZgXlY_110_115.wav,E:\Final 2Dataset2\sneeze_clear\,2
audioset_Kn5NdDZgXlY_115_120.wav,E:\Final 2Dataset2\sneeze_clear\,2
audioset_koJfHVaTnhE_7_12.wav,E:\Final 2Dataset2\sneeze_clear\,2
audioset_KS5VoimXZmE_85_90.wav,E:\Final 2Dataset2\sneeze_clear\,2
audioset_KYXkh8Z9JVs_190_195.wav,E:\Final 2Dataset2\sneeze_clear\,2
audioset_K_232aIkqLU_5_10.wav,E:\Final 2Dataset2\sneeze_clear\,2
audioset_l7fSQ6fluVg_340_345.wav,E:\Final 2Dataset2\sneeze_clear\,2
audioset_LBnR-4lRqY0_25_30.wav,E:\Final 2Dataset2\sneeze_clear\,2
audioset_LEla9lcM_B4_295_300.wav,E:\Final 2Dataset2\sneeze_clear\,2
audioset_lN6H0_PqKME_10_15.wav,E:\Final 2Dataset2\sneeze_clear\,2
audioset_lSpJBDT-vsg_145_150.wav,E:\Final 2Dataset2\sneeze_clear\,2
audioset_mCcYIWOjOw0_40_45.wav,E:\Final 2Dataset2\sneeze_clear\,2
audioset_mgyUhDNFMdY_20_25.wav,E:\Final 2Dataset2\sneeze_clear\,2
audioset_mNMSKsALFUI_170_175.wav,E:\Final 2Dataset2\sneeze_clear\,2
audioset_mNxDSslUFqk_5_10.wav,E:\Final 2Dataset2\sneeze_clear\,2
audioset_mSQhRUdtpvg_70_75.wav,E:\Final 2Dataset2\sneeze_clear\,2
audioset_mUvMGoyCiyI_305_310.wav,E:\Final 2Dataset2\sneeze_clear\,2
audioset_myd5Ug6s58I_0_5.wav,E:\Final 2Dataset2\sneeze_clear\,2
audioset_N1N9p0eDqz8_0_5.wav,E:\Final 2Dataset2\sneeze_clear\,2
audioset_N1N9p0eDqz8_5_10.wav,E:\Final 2Dataset2\sneeze_clear\,2
audioset_n5Q_FOemA6c_125_130.wav,E:\Final 2Dataset2\sneeze_clear\,2
audioset_nfHmIpSinQg_35_40.wav,E:\Final 2Dataset2\sneeze_clear\,2
audioset_nHCxr8xI2uQ_35_40.wav,E:\Final 2Dataset2\sneeze_clear\,2
audioset_o7ayD1pTD1M_20_25.wav,E:\Final 2Dataset2\sneeze_clear\,2
audioset_Ob5hl2zrekU_85_90.wav,E:\Final 2Dataset2\sneeze_clear\,2
audioset_Osr4Sfb97xs_65_70.wav,E:\Final 2Dataset2\sneeze_clear\,2
audioset_oxeR6ceNu-g_30_35.wav,E:\Final 2Dataset2\sneeze_clear\,2
audioset_P0qdfWHsze4_135_140.wav,E:\Final 2Dataset2\sneeze_clear\,2
audioset_P9gPkkClKDg_0_5.wav,E:\Final 2Dataset2\sneeze_clear\,2
audioset_pcVQ37PIDak_45_50.wav,E:\Final 2Dataset2\sneeze_clear\,2
audioset_pIXUMUwAv5A_210_215.wav,E:\Final 2Dataset2\sneeze_clear\,2
audioset_pz5mX3FeDgc_140_145.wav,E:\Final 2Dataset2\sneeze_clear\,2
audioset_Q-BnM0ChaUc_75_80.wav,E:\Final 2Dataset2\sneeze_clear\,2
audioset_qAbZRllv_EY_90_95.wav,E:\Final 2Dataset2\sneeze_clear\,2
audioset_qaQ9ldqWB5k_165_170.wav,E:\Final 2Dataset2\sneeze_clear\,2
audioset_qAvU8EsE1k8_20_25.wav,E:\Final 2Dataset2\sneeze_clear\,2
audioset_qEv7NBFezUA_20_25.wav,E:\Final 2Dataset2\sneeze_clear\,2
audioset_Qg5fVlHfok4_90_95.wav,E:\Final 2Dataset2\sneeze_clear\,2
audioset_qgUvp5rva50_75_80.wav,E:\Final 2Dataset2\sneeze_clear\,2
audioset_qPp2onMDFrI_10_15.wav,E:\Final 2Dataset2\sneeze_clear\,2
audioset_qQdEVtjWgOQ_140_145.wav,E:\Final 2Dataset2\sneeze_clear\,2
audioset_R7X7RVx2HIg_5_10.wav,E:\Final 2Dataset2\sneeze_clear\,2
audioset_rbaFjiHkFcY_190_195.wav,E:\Final 2Dataset2\sneeze_clear\,2
audioset_RCHpZjtI9P0_15_20.wav,E:\Final 2Dataset2\sneeze_clear\,2
audioset_rgarDvl7gsk_85_90.wav,E:\Final 2Dataset2\sneeze_clear\,2
audioset_RHXKtt2TA0o_235_240.wav,E:\Final 2Dataset2\sneeze_clear\,2
audioset_Ryt-xkB5HgA_0_5.wav,E:\Final 2Dataset2\sneeze_clear\,2
audioset_s7RCYuGAh6w_10_15.wav,E:\Final 2Dataset2\sneeze_clear\,2
audioset_T9kvLiFIskA_45_50.wav,E:\Final 2Dataset2\sneeze_clear\,2
audioset_tAJ5i3TiTTA_25_30.wav,E:\Final 2Dataset2\sneeze_clear\,2
audioset_TIRBtCrHGbE_0_5.wav,E:\Final 2Dataset2\sneeze_clear\,2
audioset_TIRBtCrHGbE_5_10.wav,E:\Final 2Dataset2\sneeze_clear\,2
audioset_TkPJV7B4bcU_110_115.wav,E:\Final 2Dataset2\sneeze_clear\,2
audioset_tPmmB8jSuSY_15_20.wav,E:\Final 2Dataset2\sneeze_clear\,2
audioset_TuIQg2cJqAs_0_5.wav,E:\Final 2Dataset2\sneeze_clear\,2
audioset_TWy3w5jSibY_90_95.wav,E:\Final 2Dataset2\sneeze_clear\,2
audioset_TW_xH5uDsKA_0_5.wav,E:\Final 2Dataset2\sneeze_clear\,2
audioset_U43DHWcO8qQ_10_15.wav,E:\Final 2Dataset2\sneeze_clear\,2
audioset_UcqhgfnTRTg_100_105.wav,E:\Final 2Dataset2\sneeze_clear\,2
audioset_UfDMRdxbvXY_95_100.wav,E:\Final 2Dataset2\sneeze_clear\,2
audioset_uwtac6bED4U_120_125.wav,E:\Final 2Dataset2\sneeze_clear\,2
audioset_V1ex4XKHlWw_10_15.wav,E:\Final 2Dataset2\sneeze_clear\,2
audioset_VFOo96mZMQU_20_25.wav,E:\Final 2Dataset2\sneeze_clear\,2
audioset_VlOlPTnmUqc_5_10.wav,E:\Final 2Dataset2\sneeze_clear\,2
audioset_VOX5RKZLipo_140_145.wav,E:\Final 2Dataset2\sneeze_clear\,2
audioset_VoyZ8YDAU8E_80_85.wav,E:\Final 2Dataset2\sneeze_clear\,2
audioset_Vt3tiFJT24I_260_265.wav,E:\Final 2Dataset2\sneeze_clear\,2
audioset_vZUVj_NLDP8_50_55.wav,E:\Final 2Dataset2\sneeze_clear\,2
audioset_V_AHKVq1VDs_50_55.wav,E:\Final 2Dataset2\sneeze_clear\,2
audioset_v_v7331CUds_165_170.wav,E:\Final 2Dataset2\sneeze_clear\,2
audioset_w0gnPQyuv1I_250_255.wav,E:\Final 2Dataset2\sneeze_clear\,2
audioset_w4zTqDwOfxw_200_205.wav,E:\Final 2Dataset2\sneeze_clear\,2
audioset_wJ0WZIfOODQ_10_15.wav,E:\Final 2Dataset2\sneeze_clear\,2
audioset_wjRM2hWToNU_31_36.wav,E:\Final 2Dataset2\sneeze_clear\,2
audioset_WNJ5KMkYMGc_10_15.wav,E:\Final 2Dataset2\sneeze_clear\,2
audioset_XCYPLkfe86E_435_440.wav,E:\Final 2Dataset2\sneeze_clear\,2
audioset_Xf_FHuLz61M_75_80.wav,E:\Final 2Dataset2\sneeze_clear\,2
audioset_xQTIokRwwI0_230_235.wav,E:\Final 2Dataset2\sneeze_clear\,2
audioset_XV5aD-fBV8o_55_60.wav,E:\Final 2Dataset2\sneeze_clear\,2
audioset_XwxUttSEoQ8_25_30.wav,E:\Final 2Dataset2\sneeze_clear\,2
audioset_yAAxjVbx2qc_0_5.wav,E:\Final 2Dataset2\sneeze_clear\,2
audioset_YAG24SALwsk_0_5.wav,E:\Final 2Dataset2\sneeze_clear\,2
audioset_yMoaeH1f_po_80_85.wav,E:\Final 2Dataset2\sneeze_clear\,2
audioset_YNF6ORjLqEo_5_10.wav,E:\Final 2Dataset2\sneeze_clear\,2
audioset_zDQu3XCdgPw_190_195.wav,E:\Final 2Dataset2\sneeze_clear\,2
audioset_ZHxLcQljPw4_10_15.wav,E:\Final 2Dataset2\sneeze_clear\,2
audioset_ZMgeeF02MsM_5_10.wav,E:\Final 2Dataset2\sneeze_clear\,2
audioset_ZPiDsDdGdrM_20_25.wav,E:\Final 2Dataset2\sneeze_clear\,2
audioset_ZZSLqK9Z_KY_175_180.wav,E:\Final 2Dataset2\sneeze_clear\,2
audioset__kUsYtNWM1A_45_50.wav,E:\Final 2Dataset2\sneeze_clear\,2
audioset__TXc9-Qitpk_45_50.wav,E:\Final 2Dataset2\sneeze_clear\,2
audioset_-21_SXelVNo_30_35.wav,E:\Final 2Dataset2\other\,3
audioset_-21_SXelVNo_35_40.wav,E:\Final 2Dataset2\other\,3
audioset_-4B1PkgXOMI_80_85.wav,E:\Final 2Dataset2\other\,3
audioset_-9Zv9-SqTU8_15_20.wav,E:\Final 2Dataset2\other\,3
audioset_0-8Ht8OvuII_35_40.wav,E:\Final 2Dataset2\other\,3
audioset_03l610T5nfY_405_410.wav,E:\Final 2Dataset2\other\,3
audioset_05YBpmCnoOQ_50_55.wav,E:\Final 2Dataset2\other\,3
audioset_06YwLqlR1Jc_60_65.wav,E:\Final 2Dataset2\other\,3
audioset_0D3I6ZS2Im0_5_10.wav,E:\Final 2Dataset2\other\,3
audioset_0EaxcUhZWe8_40_45.wav,E:\Final 2Dataset2\other\,3
audioset_0EaxcUhZWe8_45_50.wav,E:\Final 2Dataset2\other\,3
audioset_0ey3c39Vll8_85_90.wav,E:\Final 2Dataset2\other\,3
audioset_0iiwZ2_9Vi8_90_95.wav,E:\Final 2Dataset2\other\,3
audioset_0j9qI0sYEUE_115_120.wav,E:\Final 2Dataset2\other\,3
audioset_0k6KjLouAHs_30_35.wav,E:\Final 2Dataset2\other\,3
audioset_0L3B0h26pPE_25_30.wav,E:\Final 2Dataset2\other\,3
audioset_0lKLzK9c5cM_18_23.wav,E:\Final 2Dataset2\other\,3
audioset_0mZQ6Q-viPw_15_20.wav,E:\Final 2Dataset2\other\,3
audioset_0OLpIiSBlfc_65_70.wav,E:\Final 2Dataset2\other\,3
audioset_0oUkEze_kmo_35_40.wav,E:\Final 2Dataset2\other\,3
audioset_0p1GeiDB1e4_170_175.wav,E:\Final 2Dataset2\other\,3
audioset_0q318QSI80U_8_13.wav,E:\Final 2Dataset2\other\,3
audioset_0qCvekeAHkc_210_215.wav,E:\Final 2Dataset2\other\,3
audioset_0QOYirw4e3I_275_280.wav,E:\Final 2Dataset2\other\,3
audioset_0qUXJz4HH_E_10_15.wav,E:\Final 2Dataset2\other\,3
audioset_0qUXJz4HH_E_15_20.wav,E:\Final 2Dataset2\other\,3
audioset_0RHanEAYBlg_60_65.wav,E:\Final 2Dataset2\other\,3
audioset_0uEZjp0UE0E_180_185.wav,E:\Final 2Dataset2\other\,3
audioset_0UKv333EMPM_230_235.wav,E:\Final 2Dataset2\other\,3
audioset_0WPDmbAui6k_0_5.wav,E:\Final 2Dataset2\other\,3
audioset_0Y2yEMQZFYY_45_50.wav,E:\Final 2Dataset2\other\,3
audioset_0ZPTqp1E3J4_16_21.wav,E:\Final 2Dataset2\other\,3
audioset_0Zy7XmVng_E_0_5.wav,E:\Final 2Dataset2\other\,3
audioset_0_ZF9vT5B-s_15_20.wav,E:\Final 2Dataset2\other\,3
audioset_12YUCpABE9Q_5_10.wav,E:\Final 2Dataset2\other\,3
audioset_14qo-R5Veog_35_40.wav,E:\Final 2Dataset2\other\,3
audioset_15q4pZLAEtg_100_105.wav,E:\Final 2Dataset2\other\,3
audioset_16r5GrlkEDk_90_95.wav,E:\Final 2Dataset2\other\,3
audioset_1AUgCj-xjt8_80_85.wav,E:\Final 2Dataset2\other\,3
audioset_1AUgCj-xjt8_85_90.wav,E:\Final 2Dataset2\other\,3
audioset_1CXtcj-UkFM_30_35.wav,E:\Final 2Dataset2\other\,3
audioset_1eBrdIZbNJg_35_40.wav,E:\Final 2Dataset2\other\,3
audioset_1mcylIPVwCk_30_35.wav,E:\Final 2Dataset2\other\,3
audioset_1nGKDBEh3rs_70_75.wav,E:\Final 2Dataset2\other\,3
audioset_1nGKDBEh3rs_75_80.wav,E:\Final 2Dataset2\other\,3
audioset_1Np_QsrCsjk_30_35.wav,E:\Final 2Dataset2\other\,3
audioset_1Np_QsrCsjk_35_40.wav,E:\Final 2Dataset2\other\,3
audioset_1V1gL3SbuLI_400_405.wav,E:\Final 2Dataset2\other\,3
audioset_1V1gL3SbuLI_405_410.wav,E:\Final 2Dataset2\other\,3
audioset_2BxY32GiQt8_425_430.wav,E:\Final 2Dataset2\other\,3
audioset_2B_QV_5R4Zo_15_20.wav,E:\Final 2Dataset2\other\,3
audioset_2EFjQPMmAS8_0_5.wav,E:\Final 2Dataset2\other\,3
audioset_2IsgfovbWC4_10_15.wav,E:\Final 2Dataset2\other\,3
audioset_2n_EYeAf0Es_185_190.wav,E:\Final 2Dataset2\other\,3
audioset_2PXcJCAVf38_35_40.wav,E:\Final 2Dataset2\other\,3
audioset_2Q70W3iafb0_0_5.wav,E:\Final 2Dataset2\other\,3
audioset_2R3J8pH6E6s_25_30.wav,E:\Final 2Dataset2\other\,3
audioset_2sMLoW22TeU_5_10.wav,E:\Final 2Dataset2\other\,3
audioset_2tgV8Eaz9-U_370_375.wav,E:\Final 2Dataset2\other\,3
audioset_2vzVWCwOn88_40_45.wav,E:\Final 2Dataset2\other\,3
audioset_2ZfwEg4JaiU_0_5.wav,E:\Final 2Dataset2\other\,3
audioset_31tnXPlhA7w_30_35.wav,E:\Final 2Dataset2\other\,3
audioset_31tnXPlhA7w_35_40.wav,E:\Final 2Dataset2\other\,3
audioset_33NSh9cvNvI_50_55.wav,E:\Final 2Dataset2\other\,3
audioset_39IZIbmQPzA_40_45.wav,E:\Final 2Dataset2\other\,3
audioset_39IZIbmQPzA_45_50.wav,E:\Final 2Dataset2\other\,3
audioset_3bas_0f3RG0_55_60.wav,E:\Final 2Dataset2\other\,3
audioset_3dndmOMZlP8_105_110.wav,E:\Final 2Dataset2\other\,3
audioset_3edp1qAhLB0_45_50.wav,E:\Final 2Dataset2\other\,3
audioset_3fz-0wek44c_0_5.wav,E:\Final 2Dataset2\other\,3
audioset_3fzEd7OUSPw_95_100.wav,E:\Final 2Dataset2\other\,3
audioset_3IEwwlZE3fQ_585_590.wav,E:\Final 2Dataset2\other\,3
audioset_3ju9A5iJbo8_35_40.wav,E:\Final 2Dataset2\other\,3
audioset_3lasyHceYLo_33_38.wav,E:\Final 2Dataset2\other\,3
audioset_3mx_t956_6s_5_10.wav,E:\Final 2Dataset2\other\,3
audioset_3NRA3-STV40_25_30.wav,E:\Final 2Dataset2\other\,3
audioset_3qvMTGVVcIY_205_210.wav,E:\Final 2Dataset2\other\,3
audioset_3SNWqn6g2RY_195_200.wav,E:\Final 2Dataset2\other\,3
audioset_3x70QeKwwQ8_5_10.wav,E:\Final 2Dataset2\other\,3
audioset_3ZKCn4nJ144_0_5.wav,E:\Final 2Dataset2\other\,3
audioset_3ZKCn4nJ144_5_10.wav,E:\Final 2Dataset2\other\,3
audioset_44nJyshuBYk_20_25.wav,E:\Final 2Dataset2\other\,3
audioset_47D5SmqUOZY_105_110.wav,E:\Final 2Dataset2\other\,3
audioset_4cq7ZfB-moA_0_5.wav,E:\Final 2Dataset2\other\,3
audioset_4D0eP3Cwfbg_10_15.wav,E:\Final 2Dataset2\other\,3
audioset_4D7lyuJcwcc_0_5.wav,E:\Final 2Dataset2\other\,3
audioset_4K6GbEsq0xk_20_25.wav,E:\Final 2Dataset2\other\,3
audioset_4K6GbEsq0xk_25_30.wav,E:\Final 2Dataset2\other\,3
audioset_4K7j41NMsoI_15_20.wav,E:\Final 2Dataset2\other\,3
audioset_4K946lkrL9U_30_35.wav,E:\Final 2Dataset2\other\,3
audioset_4KpwXsjUJ7g_20_25.wav,E:\Final 2Dataset2\other\,3
audioset_4KpwXsjUJ7g_25_30.wav,E:\Final 2Dataset2\other\,3
audioset_4kQGVksBzfw_5_10.wav,E:\Final 2Dataset2\other\,3
audioset_4lOXjW8rpxU_5_10.wav,E:\Final 2Dataset2\other\,3
audioset_4txOUgXllWE_300_305.wav,E:\Final 2Dataset2\other\,3
audioset_4WkuPkkSCG0_100_105.wav,E:\Final 2Dataset2\other\,3
audioset_4yx_l1QFrzw_280_285.wav,E:\Final 2Dataset2\other\,3
audioset_4yx_l1QFrzw_285_290.wav,E:\Final 2Dataset2\other\,3
audioset_4_0uUL2HPe0_0_5.wav,E:\Final 2Dataset2\other\,3
audioset_53YZHGaDdFI_50_55.wav,E:\Final 2Dataset2\other\,3
audioset_53YZHGaDdFI_55_60.wav,E:\Final 2Dataset2\other\,3
audioset_56fOJ4kJuQE_80_85.wav,E:\Final 2Dataset2\other\,3
audioset_57ayezabARg_370_375.wav,E:\Final 2Dataset2\other\,3
audioset_5905FxXz9dI_35_40.wav,E:\Final 2Dataset2\other\,3
audioset_5CCAZ8-BEec_80_85.wav,E:\Final 2Dataset2\other\,3
audioset_5EjuyYPWKeE_35_40.wav,E:\Final 2Dataset2\other\,3
audioset_5fE-mL6Mi-c_170_175.wav,E:\Final 2Dataset2\other\,3
audioset_5j1mxeahBRQ_215_220.wav,E:\Final 2Dataset2\other\,3
audioset_5kAWlNZ-I_I_35_40.wav,E:\Final 2Dataset2\other\,3
audioset_5nx9xUVXASM_225_230.wav,E:\Final 2Dataset2\other\,3
audioset_5QBD2P6yCo8_215_220.wav,E:\Final 2Dataset2\other\,3
audioset_5rpxmjeFtgE_30_35.wav,E:\Final 2Dataset2\other\,3
audioset_5rSpIXAOjgk_55_60.wav,E:\Final 2Dataset2\other\,3
audioset_5sc1bi8BSmg_20_25.wav,E:\Final 2Dataset2\other\,3
audioset_5sppEjj4C40_15_20.wav,E:\Final 2Dataset2\other\,3
audioset_5uwrCy_eG9Q_180_185.wav,E:\Final 2Dataset2\other\,3
audioset_5vl9c7LF4t4_35_40.wav,E:\Final 2Dataset2\other\,3
audioset_5wbc84KnDS0_60_65.wav,E:\Final 2Dataset2\other\,3
audioset_5wwFFsLuRcQ_190_195.wav,E:\Final 2Dataset2\other\,3
audioset_5wwFFsLuRcQ_195_200.wav,E:\Final 2Dataset2\other\,3
audioset_5zYoC56oc90_0_5.wav,E:\Final 2Dataset2\other\,3
audioset_5_DzTpw9Kec_5_10.wav,E:\Final 2Dataset2\other\,3
audioset_67qsV5HmU88_9_14.wav,E:\Final 2Dataset2\other\,3
audioset_6AMsLkMRNGY_195_200.wav,E:\Final 2Dataset2\other\,3
audioset_6gLYUqCk2eM_40_45.wav,E:\Final 2Dataset2\other\,3
audioset_6GXEfncDqUg_11_16.wav,E:\Final 2Dataset2\other\,3
audioset_6J9XeiKqzw0_18_23.wav,E:\Final 2Dataset2\other\,3
audioset_6J9XeiKqzw0_23_28.wav,E:\Final 2Dataset2\other\,3
audioset_6t0W9hVZyaM_30_35.wav,E:\Final 2Dataset2\other\,3
audioset_6xcgbMYelUU_20_25.wav,E:\Final 2Dataset2\other\,3
audioset_6yYCjyan-VY_20_25.wav,E:\Final 2Dataset2\other\,3
audioset_6yYCjyan-VY_25_30.wav,E:\Final 2Dataset2\other\,3
audioset_6Z7IOl3vBqc_40_45.wav,E:\Final 2Dataset2\other\,3
audioset_707CXFQe114_5_10.wav,E:\Final 2Dataset2\other\,3
audioset_7bykeY3N-xs_11_16.wav,E:\Final 2Dataset2\other\,3
audioset_7fjp0mDsxSs_95_100.wav,E:\Final 2Dataset2\other\,3
audioset_7ILhdqz-BgI_20_25.wav,E:\Final 2Dataset2\other\,3
audioset_7K2vzvM34gY_65_70.wav,E:\Final 2Dataset2\other\,3
audioset_7qO5xLxWdZs_7_12.wav,E:\Final 2Dataset2\other\,3
audioset_7u0GGjaKPhQ_0_5.wav,E:\Final 2Dataset2\other\,3
audioset_7XMDKZQ0GKw_95_100.wav,E:\Final 2Dataset2\other\,3
audioset_7Y93xBpK1oI_100_105.wav,E:\Final 2Dataset2\other\,3
audioset_7zoRO-NQHoU_35_40.wav,E:\Final 2Dataset2\other\,3
audioset_8-dFMZU3bKo_225_230.wav,E:\Final 2Dataset2\other\,3
audioset_827m22F9UOo_120_125.wav,E:\Final 2Dataset2\other\,3
audioset_827m22F9UOo_125_130.wav,E:\Final 2Dataset2\other\,3
audioset_82AH3rqGLBI_40_45.wav,E:\Final 2Dataset2\other\,3
audioset_8714J5_siEY_55_60.wav,E:\Final 2Dataset2\other\,3
audioset_8BMW3d-PQb0_0_5.wav,E:\Final 2Dataset2\other\,3
audioset_8FXX56zpypA_30_35.wav,E:\Final 2Dataset2\other\,3
audioset_8JmnE2C3Mqw_0_5.wav,E:\Final 2Dataset2\other\,3
audioset_8N5XxcJ7QOU_25_30.wav,E:\Final 2Dataset2\other\,3
audioset_8nduqNxARvQ_3_8.wav,E:\Final 2Dataset2\other\,3
audioset_8ozR29u3byg_330_335.wav,E:\Final 2Dataset2\other\,3
audioset_8Qd-4VM9Ox0_50_55.wav,E:\Final 2Dataset2\other\,3
audioset_8qwSJsL781E_20_25.wav,E:\Final 2Dataset2\other\,3
audioset_8qwSJsL781E_25_30.wav,E:\Final 2Dataset2\other\,3
audioset_8QzudUB8SMk_5_10.wav,E:\Final 2Dataset2\other\,3
audioset_8SRWgKxebS0_100_105.wav,E:\Final 2Dataset2\other\,3
audioset_8yDeG7e1-9I_10_15.wav,E:\Final 2Dataset2\other\,3
audioset_8YYeGsOzwQ0_35_40.wav,E:\Final 2Dataset2\other\,3
audioset_91Dzp-CQnSs_320_325.wav,E:\Final 2Dataset2\other\,3
audioset_95leyynr56A_325_330.wav,E:\Final 2Dataset2\other\,3
audioset_96ey8FQVfUY_15_20.wav,E:\Final 2Dataset2\other\,3
audioset_99g83CSiXeA_560_565.wav,E:\Final 2Dataset2\other\,3
audioset_9CySoIcqhE4_30_35.wav,E:\Final 2Dataset2\other\,3
audioset_9k1ZuVzpF7c_45_50.wav,E:\Final 2Dataset2\other\,3
audioset_9NDns7JDb4Y_135_140.wav,E:\Final 2Dataset2\other\,3
audioset_9RjZr8V8PNY_120_125.wav,E:\Final 2Dataset2\other\,3
audioset_9TaetitttZ8_0_5.wav,E:\Final 2Dataset2\other\,3
audioset_9WbIa8U8twQ_270_275.wav,E:\Final 2Dataset2\other\,3
audioset_9Wwpy5YvSZU_30_35.wav,E:\Final 2Dataset2\other\,3
audioset_9Zl88j-rpNo_150_155.wav,E:\Final 2Dataset2\other\,3
audioset_A-E7TsAkUT4_15_20.wav,E:\Final 2Dataset2\other\,3
audioset_A5LNrdkqYlw_175_180.wav,E:\Final 2Dataset2\other\,3
audioset_a5suicQUpuI_85_90.wav,E:\Final 2Dataset2\other\,3
audioset_A7H5hYSZQkM_170_175.wav,E:\Final 2Dataset2\other\,3
audioset_a7HQfWUQepQ_265_270.wav,E:\Final 2Dataset2\other\,3
audioset_a7pQz-qssG4_30_35.wav,E:\Final 2Dataset2\other\,3
audioset_A7qS6N7Nf1w_75_80.wav,E:\Final 2Dataset2\other\,3
audioset_aAbdei_9yNE_22_27.wav,E:\Final 2Dataset2\other\,3
audioset_abSLhN9TLEw_300_305.wav,E:\Final 2Dataset2\other\,3
audioset_aC09lsqGxQk_30_35.wav,E:\Final 2Dataset2\other\,3
audioset_acGYSVFY7U0_145_150.wav,E:\Final 2Dataset2\other\,3
audioset_afZYUWyx4S8_425_430.wav,E:\Final 2Dataset2\other\,3
audioset_AgJg2gVUcTg_10_15.wav,E:\Final 2Dataset2\other\,3
audioset_Ahhba-EM4nI_5_10.wav,E:\Final 2Dataset2\other\,3
audioset_Ahssgxq381s_30_35.wav,E:\Final 2Dataset2\other\,3
audioset_aHXJqoRkUF0_90_95.wav,E:\Final 2Dataset2\other\,3
audioset_A_oB2rpSbFE_175_180.wav,E:\Final 2Dataset2\other\,3
audioset_A_X7MJxnuL4_35_40.wav,E:\Final 2Dataset2\other\,3
audioset__-fsiDpnxeE_220_225.wav,E:\Final 2Dataset2\other\,3
audioset__0WKVY0n8aE_150_155.wav,E:\Final 2Dataset2\other\,3
audioset__0wt8z6h-cE_150_155.wav,E:\Final 2Dataset2\other\,3
audioset__0wt8z6h-cE_155_160.wav,E:\Final 2Dataset2\other\,3
audioset__3sguzoLaTk_15_20.wav,E:\Final 2Dataset2\other\,3
audioset__97xkAkbwxQ_0_5.wav,E:\Final 2Dataset2\other\,3
audioset__97xkAkbwxQ_5_10.wav,E:\Final 2Dataset2\other\,3
audioset__9X0sxE6JnU_160_165.wav,E:\Final 2Dataset2\other\,3
audioset__9X0sxE6JnU_165_170.wav,E:\Final 2Dataset2\other\,3
audioset__aWgJa6QXc0_135_140.wav,E:\Final 2Dataset2\other\,3
audioset__bNWx6FLpu0_20_25.wav,E:\Final 2Dataset2\other\,3
audioset__DAAIz2O1vbc_0_5.wav,E:\Final 2Dataset2\other\,3
audioset__jZha6gjkK8_14_19.wav,E:\Final 2Dataset2\other\,3
audioset__MLcWmxLzHk_5_10.wav,E:\Final 2Dataset2\other\,3
audioset__pxnSaDou3I_5_10.wav,E:\Final 2Dataset2\other\,3
audioset__qBvkIrM5_c_400_405.wav,E:\Final 2Dataset2\other\,3
audioset__qDSR5skY0c_70_75.wav,E:\Final 2Dataset2\other\,3
audioset__UJQR6E56N4_30_35.wav,E:\Final 2Dataset2\other\,3
audioset__wk7Bhutevw_85_90.wav,E:\Final 2Dataset2\other\,3
audioset__xM6pgvR2AA_150_155.wav,E:\Final 2Dataset2\other\,3
audioset___lxDIpII74_10_15.wav,E:\Final 2Dataset2\other\,3
